{
    "Seed": 123456789,
    "vec3": {
        "PlayerLookAt": {
            "x": 2184.225830078125,
            "y": 0.3999963402748108,
            "z": 0.0
        },
        "PlayerPosition": {
            "x": -93.40176391601563,
            "y": 23.93190574645996,
            "z": 83.16181182861328
        },
        "PlayerSpawnPoint": {
            "x": 8.0,
            "y": 60.0,
            "z": -100.0
        }
    }
}